<?xml version="1.0" encoding="utf-8" standalone="yes" ?>
<rss version="2.0" xmlns:atom="http://www.w3.org/2005/Atom">
  <channel>
    <title>About on OComme&#39;s blog</title>
    <link>https://ocomme.github.io/about/</link>
    <description>Recent content in About on OComme&#39;s blog</description>
    <generator>Hugo -- gohugo.io</generator>
    <language>en</language>
    <lastBuildDate>Wed, 02 Aug 2017 08:43:28 +0800</lastBuildDate>
    
	<atom:link href="https://ocomme.github.io/about/index.xml" rel="self" type="application/rss+xml" />
    
    
  </channel>
</rss>