<?xml version="1.0" encoding="utf-8" standalone="yes" ?>
<rss version="2.0" xmlns:atom="http://www.w3.org/2005/Atom">
  <channel>
    <title>Development on BlanBok&#39;s blog</title>
    <link>https://blanbok.github.io/tags/development/</link>
    <description>Recent content in Development on BlanBok&#39;s blog</description>
    <generator>Hugo -- gohugo.io</generator>
    <language>en</language>
    <lastBuildDate>Thu, 03 Aug 2017 18:42:45 +0800</lastBuildDate>
    
	<atom:link href="https://blanbok.github.io/tags/development/index.xml" rel="self" type="application/rss+xml" />
    
    
    <item>
      <title>Code Encapsulation</title>
      <link>https://blanbok.github.io/post/development/code-encapsulation/</link>
      <pubDate>Thu, 03 Aug 2017 18:42:45 +0800</pubDate>
      
      <guid>https://blanbok.github.io/post/development/code-encapsulation/</guid>
      <description></description>
    </item>
    
    <item>
      <title>Objective-c Coding Standard</title>
      <link>https://blanbok.github.io/post/development/objective-c-coding-standard/</link>
      <pubDate>Thu, 03 Aug 2017 11:07:23 +0800</pubDate>
      
      <guid>https://blanbok.github.io/post/development/objective-c-coding-standard/</guid>
      <description>此次规范从当前的开发现状（风格各异）出发，奠基于当前的编码习惯，旨在规范大家的编程行为。 待到下次开会的时候，仍需依据自己的习惯，提出针对性的</description>
    </item>
    
  </channel>
</rss>