<?xml version="1.0" encoding="utf-8" standalone="yes" ?>
<rss version="2.0" xmlns:atom="http://www.w3.org/2005/Atom">
  <channel>
    <title>Ios Development on OComme&#39;s blog</title>
    <link>https://ocomme.github.io/tags/ios-development/</link>
    <description>Recent content in Ios Development on OComme&#39;s blog</description>
    <generator>Hugo -- gohugo.io</generator>
    <language>en</language>
    <lastBuildDate>Mon, 07 Aug 2017 18:50:23 +0800</lastBuildDate>
    
	<atom:link href="https://ocomme.github.io/tags/ios-development/index.xml" rel="self" type="application/rss+xml" />
    
    
    <item>
      <title>Objective-c Coding Standard</title>
      <link>https://ocomme.github.io/post/ios-development/objective-c-coding-standard/</link>
      <pubDate>Mon, 07 Aug 2017 18:50:23 +0800</pubDate>
      
      <guid>https://ocomme.github.io/post/ios-development/objective-c-coding-standard/</guid>
      <description>[TOC] 此次规范从当前的开发现状（风格各异）出发，奠基于当前的编码习惯，旨在规范大家的编程行为。 待到下次开会的时候，仍需依据自己的习惯，提出针对性</description>
    </item>
    
  </channel>
</rss>