<?xml version="1.0" encoding="utf-8" standalone="yes" ?>
<rss version="2.0" xmlns:atom="http://www.w3.org/2005/Atom">
  <channel>
    <title>Categories on OComme&#39;s blog</title>
    <link>https://ocomme.github.io/categories/</link>
    <description>Recent content in Categories on OComme&#39;s blog</description>
    <generator>Hugo -- gohugo.io</generator>
    <language>en</language>
    
	<atom:link href="https://ocomme.github.io/categories/index.xml" rel="self" type="application/rss+xml" />
    
    
  </channel>
</rss>