<?xml version="1.0" encoding="utf-8" standalone="yes" ?>
<rss version="2.0" xmlns:atom="http://www.w3.org/2005/Atom">
  <channel>
    <title>Note on OComme&#39;s blog</title>
    <link>https://ocomme.github.io/tags/note/</link>
    <description>Recent content in Note on OComme&#39;s blog</description>
    <generator>Hugo -- gohugo.io</generator>
    <language>en</language>
    <lastBuildDate>Thu, 03 Aug 2017 16:48:42 +0800</lastBuildDate>
    
	<atom:link href="https://ocomme.github.io/tags/note/index.xml" rel="self" type="application/rss+xml" />
    
    
    <item>
      <title>Benchmarking</title>
      <link>https://ocomme.github.io/post/note/benchmarkingmanagement/</link>
      <pubDate>Thu, 03 Aug 2017 16:48:42 +0800</pubDate>
      
      <guid>https://ocomme.github.io/post/note/benchmarkingmanagement/</guid>
      <description>找到目标(一个好的项目，希望达到的知识水平和目标的人) 对标准的分析(有用的东西，如知识、习惯等) 对标差距(当前与目标的差距) 行动计划(实现目</description>
    </item>
    
    <item>
      <title>Review</title>
      <link>https://ocomme.github.io/post/note/review/</link>
      <pubDate>Thu, 03 Aug 2017 16:48:42 +0800</pubDate>
      
      <guid>https://ocomme.github.io/post/note/review/</guid>
      <description>所谓Review，就是在头脑中对过去所做的事情重新“过”一遍。它通过对过去的思维和行为进行回顾、反思和探究，实现能力的提升。 对于一个固定的项</description>
    </item>
    
    <item>
      <title>SkillTree</title>
      <link>https://ocomme.github.io/post/note/skilltree/</link>
      <pubDate>Thu, 03 Aug 2017 16:48:42 +0800</pubDate>
      
      <guid>https://ocomme.github.io/post/note/skilltree/</guid>
      <description>总结自己开发中需要的知识，便是形成自己的技能树体系了。 参考下自己与别人的技能树分枝的不同也能知道哪些方面自己缺失的 1. 常用语言 Swift Object-C 2. 使用过的系</description>
    </item>
    
  </channel>
</rss>