<?xml version="1.0" encoding="utf-8" standalone="yes" ?>
<rss version="2.0" xmlns:atom="http://www.w3.org/2005/Atom">
  <channel>
    <title>Posts on OComme&#39;s blog</title>
    <link>https://ocomme.github.io/post/</link>
    <description>Recent content in Posts on OComme&#39;s blog</description>
    <generator>Hugo -- gohugo.io</generator>
    <language>en</language>
    <lastBuildDate>Mon, 07 Aug 2017 18:50:23 +0800</lastBuildDate>
    
	<atom:link href="https://ocomme.github.io/post/index.xml" rel="self" type="application/rss+xml" />
    
    
    <item>
      <title>Objective-c Coding Standard</title>
      <link>https://ocomme.github.io/post/ios-development/objective-c-coding-standard/</link>
      <pubDate>Mon, 07 Aug 2017 18:50:23 +0800</pubDate>
      
      <guid>https://ocomme.github.io/post/ios-development/objective-c-coding-standard/</guid>
      <description>此次规范从当前的开发现状（风格各异）出发，奠基于当前的编码习惯，旨在规范大家的编程行为。 待到下次开会的时候，仍需依据自己的习惯，提出针对性的</description>
    </item>
    
    <item>
      <title>Code Encapsulation</title>
      <link>https://ocomme.github.io/post/ios-development/code-encapsulation/</link>
      <pubDate>Mon, 07 Aug 2017 18:48:45 +0800</pubDate>
      
      <guid>https://ocomme.github.io/post/ios-development/code-encapsulation/</guid>
      <description>前段时间应为工作需求，也是为了自身的规划，初步列出了iOS的一些编码规范。 里面有自己的经验，也有许多网上找来的资料，整理了一圈下来反而发现自</description>
    </item>
    
    <item>
      <title>One Project One Plan</title>
      <link>https://ocomme.github.io/post/project/one-project-one-plan/</link>
      <pubDate>Mon, 07 Aug 2017 17:56:02 +0800</pubDate>
      
      <guid>https://ocomme.github.io/post/project/one-project-one-plan/</guid>
      <description>Daily income is recorded by a small project each day 起初，我是为了学习Swift仿着30DaysofSwift而开始自己的My30DaysofSwift-4.0。 第一个项目</description>
    </item>
    
    <item>
      <title>Benchmarking</title>
      <link>https://ocomme.github.io/post/note/benchmarkingmanagement/</link>
      <pubDate>Thu, 03 Aug 2017 16:48:42 +0800</pubDate>
      
      <guid>https://ocomme.github.io/post/note/benchmarkingmanagement/</guid>
      <description>找到目标(一个好的项目，希望达到的知识水平和目标的人) 对标准的分析(有用的东西，如知识、习惯等) 对标差距(当前与目标的差距) 行动计划(实现目</description>
    </item>
    
    <item>
      <title>Review</title>
      <link>https://ocomme.github.io/post/note/review/</link>
      <pubDate>Thu, 03 Aug 2017 16:48:42 +0800</pubDate>
      
      <guid>https://ocomme.github.io/post/note/review/</guid>
      <description>所谓Review，就是在头脑中对过去所做的事情重新“过”一遍。它通过对过去的思维和行为进行回顾、反思和探究，实现能力的提升。 对于一个固定的项</description>
    </item>
    
    <item>
      <title>SkillTree</title>
      <link>https://ocomme.github.io/post/note/skilltree/</link>
      <pubDate>Thu, 03 Aug 2017 16:48:42 +0800</pubDate>
      
      <guid>https://ocomme.github.io/post/note/skilltree/</guid>
      <description>总结自己开发中需要的知识，便是形成自己的技能树体系了。 参考下自己与别人的技能树分枝的不同也能知道哪些方面自己缺失的 1. 常用语言 Swift Object-C 2. 使用过的系</description>
    </item>
    
  </channel>
</rss>