<?xml version="1.0" encoding="utf-8" standalone="yes" ?>
<rss version="2.0" xmlns:atom="http://www.w3.org/2005/Atom">
  <channel>
    <title>About on OComme&#39;s blog</title>
    <link>https://ocomme.github.io/tags/</link>
    <description>Recent content in About on OComme&#39;s blog</description>
    <generator>Hugo -- gohugo.io</generator>
    <language>en</language>
    <lastBuildDate>Wed, 02 Aug 2017 08:43:28 +0800</lastBuildDate>
    
	<atom:link href="https://ocomme.github.io/tags/index.xml" rel="self" type="application/rss+xml" />
    
    
    <item>
      <title>Ios Development</title>
      <link>https://ocomme.github.io/tags/ios-development/</link>
      <pubDate>Fri, 04 Aug 2017 23:06:45 +0800</pubDate>
      
      <guid>https://ocomme.github.io/tags/ios-development/</guid>
      <description></description>
    </item>
    
    <item>
      <title>Note</title>
      <link>https://ocomme.github.io/tags/note/</link>
      <pubDate>Thu, 03 Aug 2017 16:48:42 +0800</pubDate>
      
      <guid>https://ocomme.github.io/tags/note/</guid>
      <description></description>
    </item>
    
    <item>
      <title>Project</title>
      <link>https://ocomme.github.io/tags/project/</link>
      <pubDate>Thu, 03 Aug 2017 17:33:02 +0800</pubDate>
      
      <guid>https://ocomme.github.io/tags/project/</guid>
      <description></description>
    </item>
    
  </channel>
</rss>